653346,878,Ciencia ficción
653346,12,Aventura
653346,28,Acción
929590,10752,Bélica
929590,28,Acción
929590,18,Drama
823464,878,Ciencia ficción
823464,28,Acción
823464,12,Aventura
719221,27,Terror
719221,53,Suspense
614933,878,Ciencia ficción
614933,28,Acción
573435,28,Acción
573435,80,Crimen
573435,53,Suspense
746036,28,Acción
746036,35,Comedia
437342,27,Terror
1022789,16,Animación
1022789,10751,Familia
1022789,18,Drama
1022789,12,Aventura
1022789,35,Comedia
786892,28,Acción
786892,12,Aventura
786892,878,Ciencia ficción
940721,878,Ciencia ficción
940721,27,Terror
940721,28,Acción
693134,878,Ciencia ficción
693134,12,Aventura
882059,28,Acción
882059,53,Suspense
882059,80,Crimen
882059,878,Ciencia ficción
1011985,16,Animación
1011985,28,Acción
1011985,10751,Familia
1011985,35,Comedia
1011985,14,Fantasía
1219685,18,Drama
1219685,10770,Película de TV
969686,878,Ciencia ficción
969686,27,Terror
748783,16,Animación
748783,35,Comedia
748783,10751,Familia
748783,12,Aventura
872585,18,Drama
872585,36,Historia
1041613,27,Terror
1041613,9648,Misterio
1041613,53,Suspense
385687,28,Acción
385687,80,Crimen
385687,53,Suspense
7451,28,Acción
7451,12,Aventura
7451,53,Suspense
7451,80,Crimen
984324,28,Acción
984324,53,Suspense
438631,878,Ciencia ficción
438631,12,Aventura
335983,878,Ciencia ficción
335983,28,Acción
414906,80,Crimen
414906,9648,Misterio
414906,53,Suspense
940551,16,Animación
940551,28,Acción
940551,12,Aventura
940551,35,Comedia
940551,10751,Familia
1010581,18,Drama
1010581,10749,Romance
346698,35,Comedia
346698,12,Aventura
150540,16,Animación
150540,10751,Familia
150540,12,Aventura
150540,18,Drama
150540,35,Comedia
284053,28,Acción
284053,12,Aventura
284053,878,Ciencia ficción
577922,28,Acción
577922,53,Suspense
577922,878,Ciencia ficción
298618,28,Acción
298618,12,Aventura
298618,878,Ciencia ficción
978592,9648,Misterio
978592,53,Suspense
978592,80,Crimen
978592,18,Drama
218,28,Acción
218,53,Suspense
218,878,Ciencia ficción
508947,16,Animación
508947,10751,Familia
508947,35,Comedia
508947,14,Fantasía
405774,27,Terror
405774,53,Suspense
405774,18,Drama
634492,28,Acción
634492,14,Fantasía
1096197,28,Acción
1096197,27,Terror
1096197,53,Suspense
11,12,Aventura
11,28,Acción
11,878,Ciencia ficción
634492,28,Acción
634492,14,Fantasía
1096197,28,Acción
1096197,27,Terror
1096197,53,Suspense
43074,28,Acción
43074,14,Fantasía
43074,35,Comedia
10138,12,Aventura
10138,28,Acción
10138,878,Ciencia ficción
475557,80,Crimen
475557,53,Suspense
475557,18,Drama
996154,28,Acción
996154,80,Crimen
996154,9648,Misterio
996154,53,Suspense
263115,28,Acción
263115,18,Drama
263115,878,Ciencia ficción
297762,28,Acción
297762,12,Aventura
297762,14,Fantasía
299537,28,Acción
299537,12,Aventura
299537,878,Ciencia ficción
1147400,16,Animación
1147400,12,Aventura
1147400,28,Acción
1147400,14,Fantasía
1147400,10751,Familia
284054,28,Acción
284054,12,Aventura
284054,878,Ciencia ficción
1366,18,Drama
126889,878,Ciencia ficción
126889,27,Terror
126889,9648,Misterio
760104,27,Terror
760104,53,Suspense
760104,9648,Misterio
348,27,Terror
348,878,Ciencia ficción
293660,28,Acción
293660,12,Aventura
293660,35,Comedia
62,878,Ciencia ficción
62,9648,Misterio
62,12,Aventura
27205,28,Acción
27205,878,Ciencia ficción
27205,12,Aventura
680,53,Suspense
680,80,Crimen
16320,878,Ciencia ficción
16320,28,Acción
16320,12,Aventura
16320,53,Suspense
141,14,Fantasía
141,18,Drama
141,9648,Misterio
490132,18,Drama
490132,36,Historia
206647,28,Acción
206647,12,Aventura
206647,53,Suspense
967847,14,Fantasía
967847,12,Aventura
967847,35,Comedia
739547,16,Animación
739547,14,Fantasía
739547,10751,Familia
49047,878,Ciencia ficción
49047,53,Suspense
49047,18,Drama
359410,28,Acción
359410,53,Suspense
400928,18,Drama
400928,35,Comedia
617127,14,Fantasía
1700,18,Drama
1700,53,Suspense
1093995,28,Acción
1093995,53,Suspense
843527,10749,Romance
843527,35,Comedia
843527,18,Drama
699280,99,Documental
106,878,Ciencia ficción
106,28,Acción
106,12,Aventura
106,53,Suspense
807,80,Crimen
807,9648,Misterio
807,53,Suspense
381288,27,Terror
381288,53,Suspense
329865,18,Drama
329865,878,Ciencia ficción
329865,9648,Misterio
601796,878,Ciencia ficción
601796,28,Acción
601796,14,Fantasía
601796,12,Aventura
526896,28,Acción
526896,878,Ciencia ficción
526896,14,Fantasía
615777,18,Drama
615777,35,Comedia
5548,28,Acción
5548,53,Suspense
5548,878,Ciencia ficción
1701,28,Acción
1701,53,Suspense
1701,80,Crimen
1094844,28,Acción
1094844,878,Ciencia ficción
320288,878,Ciencia ficción
320288,28,Acción
320288,12,Aventura
157336,12,Aventura
157336,18,Drama
157336,878,Ciencia ficción
1924,878,Ciencia ficción
1924,28,Acción
1924,12,Aventura
597891,28,Acción
339846,35,Comedia
339846,28,Acción
339846,80,Crimen
955555,28,Acción
955555,80,Crimen
955555,35,Comedia
955555,53,Suspense
609681,878,Ciencia ficción
609681,12,Aventura
609681,28,Acción
378018,9648,Misterio
378018,27,Terror
378018,878,Ciencia ficción
76341,28,Acción
76341,12,Aventura
76341,878,Ciencia ficción
15,9648,Misterio
15,18,Drama
68730,18,Drama
68730,36,Historia
284052,28,Acción
284052,12,Aventura
284052,14,Fantasía
2666,9648,Misterio
2666,878,Ciencia ficción
1211728,27,Terror
1087388,27,Terror
1087388,53,Suspense
1087388,27,Terror
1087388,53,Suspense
395990,28,Acción
395990,80,Crimen
395990,18,Drama
395990,53,Suspense
103,80,Crimen
103,18,Drama
934632,878,Ciencia ficción
934632,28,Acción
934632,18,Drama
787699,35,Comedia
787699,10751,Familia
787699,14,Fantasía
16281,27,Terror
16281,35,Comedia
399170,35,Comedia
399170,80,Crimen
399170,28,Acción
399170,18,Drama
1111966,28,Acción
1111966,9648,Misterio
1111966,53,Suspense
794,27,Terror
794,53,Suspense
38700,53,Suspense
38700,28,Acción
38700,80,Crimen
424139,27,Terror
424139,53,Suspense
1086747,27,Terror
1086747,9648,Misterio
1086747,53,Suspense
1086747,14,Fantasía
1111873,27,Terror
1111873,53,Suspense
1107387,18,Drama
1107387,10751,Familia
920342,878,Ciencia ficción
578,27,Terror
578,53,Suspense
578,12,Aventura
339403,28,Acción
339403,80,Crimen
9482,878,Ciencia ficción
64635,28,Acción
64635,878,Ciencia ficción
64635,53,Suspense
297802,28,Acción
297802,12,Aventura
297802,14,Fantasía
447200,28,Acción
447200,53,Suspense
447200,12,Aventura
111,28,Acción
111,80,Crimen
111,18,Drama
766507,53,Suspense
766507,28,Acción
766507,878,Ciencia ficción
235,80,Crimen
235,18,Drama
620,35,Comedia
620,14,Fantasía
287947,28,Acción
287947,35,Comedia
287947,14,Fantasía
141052,28,Acción
141052,12,Aventura
141052,878,Ciencia ficción
829,80,Crimen
829,18,Drama
829,9648,Misterio
829,53,Suspense
639720,35,Comedia
639720,14,Fantasía
639720,10751,Familia
866398,28,Acción
866398,80,Crimen
866398,53,Suspense
119450,878,Ciencia ficción
119450,28,Acción
119450,18,Drama
119450,53,Suspense
383498,28,Acción
383498,35,Comedia
383498,12,Aventura
912649,28,Acción
912649,878,Ciencia ficción
912649,12,Aventura
391713,18,Drama
391713,35,Comedia
34152,35,Comedia
34152,18,Drama
27579,80,Crimen
27579,18,Drama
27579,53,Suspense
315635,28,Acción
315635,12,Aventura
315635,878,Ciencia ficción
315635,18,Drama
937287,10749,Romance
937287,18,Drama
1105407,28,Acción
1105407,80,Crimen
1105407,53,Suspense
634521,28,Acción
634521,53,Suspense
634521,14,Fantasía
634521,9648,Misterio
634521,12,Aventura
634521,18,Drama
14564,27,Terror
369885,28,Acción
369885,18,Drama
369885,10752,Bélica
369885,10749,Romance
369885,53,Suspense
10155,80,Crimen
10155,18,Drama
10155,53,Suspense
9348,878,Ciencia ficción
9348,27,Terror
9348,28,Acción
198184,80,Crimen
198184,28,Acción
198184,878,Ciencia ficción
635,27,Terror
635,9648,Misterio
474350,27,Terror
299536,12,Aventura
299536,28,Acción
299536,878,Ciencia ficción
36647,27,Terror
36647,28,Acción
615457,28,Acción
615457,53,Suspense
439079,27,Terror
1284004,16,Animación
1284004,35,Comedia
480530,18,Drama
480530,28,Acción
621,10749,Romance
621,35,Comedia
861,28,Acción
861,12,Aventura
861,878,Ciencia ficción
489,18,Drama
62215,18,Drama
62215,878,Ciencia ficción
301337,18,Drama
301337,878,Ciencia ficción
580489,878,Ciencia ficción
580489,28,Acción
580489,12,Aventura
845111,12,Aventura
845111,28,Acción
845111,18,Drama
634649,28,Acción
634649,12,Aventura
634649,878,Ciencia ficción
282035,14,Fantasía
282035,53,Suspense
282035,28,Acción
282035,12,Aventura
282035,27,Terror
505948,878,Ciencia ficción
505948,53,Suspense
281338,18,Drama
281338,878,Ciencia ficción
281338,10752,Bélica
948,27,Terror
948,53,Suspense
395458,53,Suspense
395458,80,Crimen
395458,18,Drama
395458,9648,Misterio
2756,12,Aventura
2756,28,Acción
2756,53,Suspense
2756,878,Ciencia ficción
497698,28,Acción
497698,12,Aventura
497698,878,Ciencia ficción
76600,878,Ciencia ficción
76600,12,Aventura
76600,28,Acción
519182,16,Animación
519182,10751,Familia
519182,35,Comedia
519182,28,Acción
299534,12,Aventura
299534,878,Ciencia ficción
299534,28,Acción
1211307,35,Comedia
1211307,10749,Romance
13765,14,Fantasía
13765,18,Drama
13765,10751,Familia
419430,9648,Misterio
419430,53,Suspense
419430,27,Terror
346364,27,Terror
862,16,Animación
862,12,Aventura
862,10751,Familia
862,35,Comedia
407448,80,Crimen
407448,18,Drama
407448,53,Suspense
407448,36,Historia
68721,28,Acción
68721,12,Aventura
68721,878,Ciencia ficción
4233,27,Terror
4233,9648,Misterio
426563,9648,Misterio
426563,12,Aventura
426563,35,Comedia
426563,80,Crimen
400106,14,Fantasía
400106,28,Acción
400106,53,Suspense
525,10402,Música
525,35,Comedia
525,28,Acción
525,80,Crimen
765,27,Terror
765,35,Comedia
765,14,Fantasía
1057001,28,Acción
1057001,53,Suspense
1057001,18,Drama
447332,27,Terror
447332,18,Drama
447332,878,Ciencia ficción
376866,18,Drama
969492,28,Acción
969492,53,Suspense
969492,10752,Bélica
763215,14,Fantasía
763215,28,Acción
763215,12,Aventura
550,18,Drama
420818,12,Aventura
420818,18,Drama
420818,10751,Familia
420818,16,Animación
1022796,16,Animación
1022796,10751,Familia
1022796,14,Fantasía
1022796,12,Aventura
1012201,16,Animación
1012201,18,Drama
38147,14,Fantasía
38147,35,Comedia
856289,28,Acción
856289,14,Fantasía
856289,10752,Bélica
1151703,27,Terror
1151703,28,Acción
1151703,878,Ciencia ficción
935271,878,Ciencia ficción
935271,28,Acción
926393,28,Acción
926393,53,Suspense
926393,80,Crimen
75174,18,Drama
75174,53,Suspense
75174,28,Acción
75174,12,Aventura
951491,27,Terror
951491,53,Suspense
976906,10752,Bélica
976906,28,Acción
976906,36,Historia
696,35,Comedia
696,18,Drama
696,10749,Romance
34851,878,Ciencia ficción
34851,28,Acción
34851,53,Suspense
935999,28,Acción
935999,9648,Misterio
935999,53,Suspense
935999,27,Terror
935999,80,Crimen
935999,18,Drama
670292,28,Acción
670292,12,Aventura
670292,878,Ciencia ficción
961,35,Comedia
961,28,Acción
961,12,Aventura
961,10752,Bélica
505642,28,Acción
505642,12,Aventura
505642,878,Ciencia ficción
19,18,Drama
19,878,Ciencia ficción
9802,28,Acción
9802,12,Aventura
9802,53,Suspense
667538,28,Acción
667538,12,Aventura
667538,878,Ciencia ficción
677179,18,Drama
677179,28,Acción
2142,80,Crimen
2142,18,Drama
2142,9648,Misterio
264660,18,Drama
264660,878,Ciencia ficción
603692,28,Acción
603692,53,Suspense
603692,80,Crimen
569094,16,Animación
569094,28,Acción
569094,12,Aventura
569094,878,Ciencia ficción
765,27,Terror
765,35,Comedia
765,14,Fantasía
951491,27,Terror
951491,53,Suspense
1892,12,Aventura
1892,28,Acción
1892,878,Ciencia ficción
1422,18,Drama
1422,53,Suspense
1422,80,Crimen
167073,10749,Romance
167073,18,Drama
804095,18,Drama
618588,12,Aventura
618588,18,Drama
13765,14,Fantasía
13765,18,Drama
13765,10751,Familia
861,28,Acción
861,12,Aventura
861,878,Ciencia ficción
696,35,Comedia
696,18,Drama
696,10749,Romance
340102,878,Ciencia ficción
340102,27,Terror
340102,28,Acción
340102,9648,Misterio
340102,12,Aventura
426563,9648,Misterio
426563,12,Aventura
426563,35,Comedia
426563,80,Crimen
525,10402,Música
525,35,Comedia
525,28,Acción
525,80,Crimen
34851,878,Ciencia ficción
34851,28,Acción
34851,53,Suspense
264660,18,Drama
264660,878,Ciencia ficción
804150,53,Suspense
804150,35,Comedia
804150,80,Crimen
1142414,53,Suspense
1142414,27,Terror
275,80,Crimen
275,18,Drama
275,53,Suspense
550988,35,Comedia
550988,12,Aventura
550988,878,Ciencia ficción
8920,16,Animación
8920,35,Comedia
8920,10751,Familia
567797,80,Crimen
567797,53,Suspense
567797,9648,Misterio
1062807,16,Animación
1062807,35,Comedia
1062807,12,Aventura
1062807,28,Acción
1072790,10749,Romance
1072790,35,Comedia
339404,35,Comedia
339404,10749,Romance
398978,80,Crimen
398978,18,Drama
398978,36,Historia
169,878,Ciencia ficción
169,28,Acción
169,53,Suspense
9003,27,Terror
9003,53,Suspense
9003,14,Fantasía
603692,28,Acción
603692,53,Suspense
603692,80,Crimen
87101,878,Ciencia ficción
87101,28,Acción
87101,53,Suspense
87101,12,Aventura
1892,12,Aventura
1892,28,Acción
1892,878,Ciencia ficción
792307,878,Ciencia ficción
792307,10749,Romance
792307,35,Comedia
9737,28,Acción
9737,35,Comedia
9737,80,Crimen
9737,53,Suspense
1374,18,Drama
345,18,Drama
345,53,Suspense
345,9648,Misterio
14,18,Drama
4232,80,Crimen
4232,27,Terror
4232,9648,Misterio
1027535,27,Terror
1027535,35,Comedia
1027535,18,Drama
949,28,Acción
949,80,Crimen
949,18,Drama
167073,10749,Romance
167073,18,Drama
395834,80,Crimen
395834,18,Drama
395834,9648,Misterio
395834,53,Suspense
569094,16,Animación
569094,28,Acción
569094,12,Aventura
569094,878,Ciencia ficción
804095,18,Drama
1128992,18,Drama
1128992,10749,Romance
16288,27,Terror
16288,35,Comedia
340102,878,Ciencia ficción
340102,27,Terror
340102,28,Acción
340102,9648,Misterio
340102,12,Aventura
402900,80,Crimen
402900,35,Comedia
402900,28,Acción
1642,80,Crimen
1642,18,Drama
1642,9648,Misterio
1642,53,Suspense
1642,28,Acción
618588,12,Aventura
618588,18,Drama
804150,53,Suspense
804150,35,Comedia
804150,80,Crimen
436969,28,Acción
436969,35,Comedia
436969,12,Aventura
1142414,53,Suspense
1142414,27,Terror
28966,18,Drama
28966,28,Acción
28966,10752,Bélica
28966,10749,Romance
319,28,Acción
319,80,Crimen
319,10749,Romance
8467,35,Comedia
793,80,Crimen
793,18,Drama
793,9648,Misterio
793,53,Suspense
1294849,35,Comedia
1294849,10749,Romance
274870,18,Drama
274870,10749,Romance
274870,878,Ciencia ficción
293167,28,Acción
293167,12,Aventura
293167,14,Fantasía
8009,12,Aventura
8009,28,Acción
8009,14,Fantasía
976573,16,Animación
976573,35,Comedia
976573,10751,Familia
976573,14,Fantasía
976573,10749,Romance
297761,28,Acción
297761,12,Aventura
297761,14,Fantasía
334524,12,Aventura
334524,18,Drama
334524,53,Suspense
453405,878,Ciencia ficción
453405,28,Acción
453405,53,Suspense
401898,18,Drama
401898,9648,Misterio
401898,53,Suspense
8961,28,Acción
8961,80,Crimen
8961,35,Comedia
34223,35,Comedia
34223,27,Terror
401981,53,Suspense
401981,9648,Misterio
1263421,16,Animación
1263421,28,Acción
799583,28,Acción
799583,10752,Bélica
799583,18,Drama
792,18,Drama
792,10752,Bélica
792,28,Acción
1067833,27,Terror
998846,36,Historia
998846,18,Drama
998846,10402,Música
11974,35,Comedia
11974,27,Terror
11974,53,Suspense
3767,10749,Romance
3767,18,Drama
3767,53,Suspense
1008437,16,Animación
1008437,10751,Familia
1008437,12,Aventura
1008437,35,Comedia
575264,28,Acción
575264,53,Suspense
1049948,28,Acción
339404,35,Comedia
339404,10749,Romance
1125311,27,Terror
1125311,9648,Misterio
1125311,53,Suspense
1231574,16,Animación
1231574,14,Fantasía
1231574,12,Aventura
1231574,10751,Familia
615656,28,Acción
615656,878,Ciencia ficción
615656,27,Terror
1216299,37,Western
1216299,53,Suspense
1216299,28,Acción
804095,18,Drama
244786,18,Drama
244786,10402,Música
14,18,Drama
784651,28,Acción
784651,53,Suspense
784651,10752,Bélica
299054,28,Acción
299054,12,Aventura
299054,53,Suspense
910,9648,Misterio
910,80,Crimen
910,53,Suspense
8009,12,Aventura
8009,28,Acción
8009,14,Fantasía
9003,27,Terror
9003,53,Suspense
9003,14,Fantasía
345,18,Drama
345,53,Suspense
345,9648,Misterio
1115395,9648,Misterio
1115395,53,Suspense
1115395,80,Crimen
1115395,18,Drama
453405,878,Ciencia ficción
453405,28,Acción
453405,53,Suspense
1077280,35,Comedia
1077280,28,Acción
1077280,53,Suspense
437557,35,Comedia
378236,16,Animación
378236,10751,Familia
378236,35,Comedia
1231574,16,Animación
1231574,14,Fantasía
1231574,12,Aventura
1231574,10751,Familia
1726,28,Acción
1726,878,Ciencia ficción
1726,12,Aventura
272,28,Acción
272,80,Crimen
272,18,Drama
1547,27,Terror
1547,35,Comedia
1547,53,Suspense
10764,12,Aventura
10764,28,Acción
10764,53,Suspense
10764,80,Crimen
10803,28,Acción
10803,878,Ciencia ficción
1216299,37,Western
1216299,53,Suspense
1216299,28,Acción
1239146,10751,Familia
1239146,35,Comedia
1239146,16,Animación
1077280,35,Comedia
1077280,28,Acción
1077280,53,Suspense
262504,12,Aventura
262504,878,Ciencia ficción
262504,28,Acción
262504,9648,Misterio
841,28,Acción
841,878,Ciencia ficción
841,12,Aventura
619264,18,Drama
619264,878,Ciencia ficción
619264,53,Suspense
298250,27,Terror
298250,9648,Misterio
298250,53,Suspense
948549,80,Crimen
948549,10749,Romance
948549,53,Suspense
1422,18,Drama
1422,53,Suspense
1422,80,Crimen
13,35,Comedia
13,18,Drama
13,10749,Romance
14160,16,Animación
14160,35,Comedia
14160,10751,Familia
14160,12,Aventura
11808,53,Suspense
11808,80,Crimen
11808,28,Acción
11808,53,Suspense
11808,80,Crimen
11808,28,Acción
547012,35,Comedia
547012,18,Drama
9480,14,Fantasía
9480,28,Acción
289,18,Drama
289,10749,Romance
241848,9648,Misterio
241848,53,Suspense
241848,28,Acción
615656,28,Acción
615656,878,Ciencia ficción
615656,27,Terror
20766,12,Aventura
20766,18,Drama
424694,10402,Música
424694,18,Drama
1127166,10749,Romance
1127166,18,Drama
476669,28,Acción
476669,35,Comedia
476669,12,Aventura
476669,53,Suspense
753342,36,Historia
753342,10752,Bélica
753342,10749,Romance
1115395,9648,Misterio
1115395,53,Suspense
1115395,80,Crimen
1115395,18,Drama
671,12,Aventura
671,14,Fantasía
24032,14,Fantasía
24032,35,Comedia
850888,28,Acción
850888,53,Suspense
1029575,28,Acción
1029575,35,Comedia
865921,28,Acción
1108354,28,Acción
1108354,53,Suspense
1108354,12,Aventura
642885,14,Fantasía
642885,35,Comedia
642885,10751,Familia
5876,27,Terror
5876,878,Ciencia ficción
5876,53,Suspense
24428,878,Ciencia ficción
24428,28,Acción
24428,12,Aventura
539,27,Terror
539,53,Suspense
539,9648,Misterio
1049948,28,Acción
500475,28,Acción
500475,80,Crimen
593910,14,Fantasía
593910,10749,Romance
593910,35,Comedia
567609,35,Comedia
567609,27,Terror
567609,53,Suspense
1008437,16,Animación
1008437,10751,Familia
1008437,12,Aventura
1008437,35,Comedia
19959,878,Ciencia ficción
19959,28,Acción
19959,53,Suspense
809,16,Animación
809,10751,Familia
809,35,Comedia
809,14,Fantasía
809,12,Aventura
1181548,28,Acción
1181548,9648,Misterio
1181548,53,Suspense
346910,878,Ciencia ficción
346910,28,Acción
346910,12,Aventura
15739,35,Comedia
15739,18,Drama
15739,10751,Familia
549053,35,Comedia
549053,10749,Romance
361743,28,Acción
361743,18,Drama
639933,28,Acción
639933,12,Aventura
639933,14,Fantasía
447365,878,Ciencia ficción
447365,12,Aventura
447365,28,Acción
299054,28,Acción
299054,12,Aventura
299054,53,Suspense
2362,12,Aventura
2362,878,Ciencia ficción
2362,37,Western
327331,18,Drama
327331,10402,Música
327331,36,Historia
327331,35,Comedia
327331,18,Drama
327331,10402,Música
327331,36,Historia
327331,35,Comedia
572802,28,Acción
572802,12,Aventura
572802,14,Fantasía
624860,878,Ciencia ficción
624860,28,Acción
624860,12,Aventura
420817,12,Aventura
420817,14,Fantasía
420817,10749,Romance
420817,10751,Familia
13597,12,Aventura
13597,10751,Familia
13597,14,Fantasía
354912,10751,Familia
354912,16,Animación
354912,10402,Música
354912,12,Aventura
575264,28,Acción
575264,53,Suspense
869,53,Suspense
869,878,Ciencia ficción
869,28,Acción
869,12,Aventura
343674,27,Terror
343674,53,Suspense
414,28,Acción
414,80,Crimen
414,14,Fantasía
61108,18,Drama
61108,10749,Romance
242,80,Crimen
242,18,Drama
242,53,Suspense
61856,10751,Familia
61856,12,Aventura
61856,18,Drama
938614,27,Terror
654739,28,Acción
654739,80,Crimen
654739,18,Drama
654739,53,Suspense
646380,35,Comedia
646380,878,Ciencia ficción
646380,18,Drama
508883,16,Animación
508883,12,Aventura
508883,14,Fantasía
619979,18,Drama
619979,9648,Misterio
619979,53,Suspense
10576,27,Terror
10576,9648,Misterio
10576,53,Suspense
436270,28,Acción
436270,12,Aventura
436270,878,Ciencia ficción
897087,28,Acción
897087,35,Comedia
932420,878,Ciencia ficción
932420,28,Acción
932420,80,Crimen
18,12,Aventura
18,14,Fantasía
18,28,Acción
18,53,Suspense
18,878,Ciencia ficción
3080,35,Comedia
3080,10402,Música
3080,10749,Romance
504608,10402,Música
504608,18,Drama
484718,35,Comedia
68718,18,Drama
68718,37,Western
509,10749,Romance
509,35,Comedia
808,16,Animación
808,35,Comedia
808,14,Fantasía
808,12,Aventura
808,10751,Familia
845783,27,Terror
585,16,Animación
585,35,Comedia
585,10751,Familia
335984,878,Ciencia ficción
335984,18,Drama
1417,14,Fantasía
1417,18,Drama
1417,10752,Bélica
565770,28,Acción
565770,878,Ciencia ficción
565770,12,Aventura
109428,27,Terror
1125311,27,Terror
1125311,9648,Misterio
1125311,53,Suspense
901362,16,Animación
901362,10751,Familia
901362,10402,Música
901362,14,Fantasía
901362,35,Comedia
240,18,Drama
240,80,Crimen
762441,27,Terror
762441,878,Ciencia ficción
762441,53,Suspense
9303,18,Drama
9303,53,Suspense
9303,80,Crimen
2640,35,Comedia
2640,80,Crimen
213,9648,Misterio
213,53,Suspense
213,12,Aventura
505600,35,Comedia
157433,27,Terror
157433,53,Suspense
893723,16,Animación
893723,10751,Familia
893723,28,Acción
893723,878,Ciencia ficción
893723,35,Comedia
893723,18,Drama
893723,12,Aventura
568124,16,Animación
568124,35,Comedia
568124,10751,Familia
568124,14,Fantasía
870404,878,Ciencia ficción
870404,53,Suspense
339988,18,Drama
339988,53,Suspense
339988,878,Ciencia ficción
415,28,Acción
415,878,Ciencia ficción
415,12,Aventura
4011,14,Fantasía
4011,35,Comedia
455207,35,Comedia
455207,10749,Romance
223702,12,Aventura
223702,16,Animación
223702,35,Comedia
223702,14,Fantasía
1093231,10749,Romance
1093231,35,Comedia
829557,10749,Romance
829557,18,Drama
338947,27,Terror
338947,9648,Misterio
238,18,Drama
238,80,Crimen
433249,878,Ciencia ficción
955916,28,Acción
955916,35,Comedia
955916,80,Crimen
11470,27,Terror
11470,878,Ciencia ficción
10803,28,Acción
10803,878,Ciencia ficción
34223,35,Comedia
34223,27,Terror
20766,12,Aventura
20766,18,Drama
857,18,Drama
857,36,Historia
857,10752,Bélica
436270,28,Acción
436270,12,Aventura
436270,878,Ciencia ficción
37135,10751,Familia
37135,12,Aventura
37135,16,Animación
37135,18,Drama
354287,35,Comedia
354287,18,Drama
354287,10752,Bélica
9480,14,Fantasía
9480,28,Acción
507086,12,Aventura
507086,28,Acción
507086,878,Ciencia ficción
8587,10751,Familia
8587,16,Animación
8587,18,Drama
425909,14,Fantasía
425909,35,Comedia
425909,12,Aventura
425909,878,Ciencia ficción
974036,18,Drama
13597,12,Aventura
13597,10751,Familia
13597,14,Fantasía
446354,18,Drama
446354,36,Historia
1417,14,Fantasía
1417,18,Drama
1417,10752,Bélica
269149,16,Animación
269149,12,Aventura
269149,10751,Familia
269149,35,Comedia
504949,18,Drama
504949,36,Historia
504949,10752,Bélica
1028703,53,Suspense
1028703,28,Acción
1028703,27,Terror
240,18,Drama
240,80,Crimen
980489,12,Aventura
980489,28,Acción
980489,18,Drama
848538,28,Acción
848538,12,Aventura
848538,35,Comedia
829560,10749,Romance
829560,18,Drama
557,28,Acción
557,878,Ciencia ficción
260346,53,Suspense
260346,28,Acción
72808,18,Drama
72808,10749,Romance
271110,12,Aventura
271110,28,Acción
271110,878,Ciencia ficción
310307,18,Drama
310307,36,Historia
157433,27,Terror
157433,53,Suspense
484718,35,Comedia
619979,18,Drama
619979,9648,Misterio
619979,53,Suspense
467244,36,Historia
467244,18,Drama
58,12,Aventura
58,14,Fantasía
58,28,Acción
767,12,Aventura
767,14,Fantasía
18,12,Aventura
18,14,Fantasía
18,28,Acción
18,53,Suspense
18,878,Ciencia ficción
871,878,Ciencia ficción
871,12,Aventura
871,18,Drama
871,28,Acción
1930,28,Acción
1930,12,Aventura
1930,878,Ciencia ficción
213,9648,Misterio
213,53,Suspense
213,12,Aventura
49863,10402,Música
49863,35,Comedia
49863,18,Drama
49863,10751,Familia
630004,18,Drama
630004,28,Acción
630004,53,Suspense
857,18,Drama
857,36,Historia
857,10752,Bélica
626412,878,Ciencia ficción
626412,28,Acción
626412,14,Fantasía
626412,12,Aventura
8587,10751,Familia
8587,16,Animación
8587,18,Drama
12,16,Animación
12,10751,Familia
290859,878,Ciencia ficción
290859,28,Acción
2667,27,Terror
2667,9648,Misterio
507089,27,Terror
507089,9648,Misterio
980489,12,Aventura
980489,28,Acción
980489,18,Drama
1730,18,Drama
1730,27,Terror
1730,9648,Misterio
260346,53,Suspense
260346,28,Acción
1028703,53,Suspense
1028703,28,Acción
1028703,27,Terror
9602,35,Comedia
9602,10749,Romance
271110,12,Aventura
271110,28,Acción
271110,878,Ciencia ficción
466420,80,Crimen
466420,36,Historia
466420,18,Drama
198663,28,Acción
198663,9648,Misterio
198663,878,Ciencia ficción
198663,53,Suspense
353081,28,Acción
353081,12,Aventura
484641,53,Suspense
484641,28,Acción
1061990,28,Acción
1061990,18,Drama
1061990,35,Comedia
877,80,Crimen
877,18,Drama
980026,36,Historia
980026,18,Drama
871,878,Ciencia ficción
871,12,Aventura
871,18,Drama
871,28,Acción
456740,14,Fantasía
456740,27,Terror
456740,28,Acción
456740,12,Aventura
99861,28,Acción
99861,12,Aventura
99861,878,Ciencia ficción
19995,28,Acción
19995,12,Aventura
19995,14,Fantasía
19995,878,Ciencia ficción
557,28,Acción
557,878,Ciencia ficción
353491,14,Fantasía
353491,28,Acción
353491,878,Ciencia ficción
14836,16,Animación
14836,10751,Familia
14836,14,Fantasía
49521,28,Acción
49521,12,Aventura
49521,878,Ciencia ficción
447277,12,Aventura
447277,10751,Familia
447277,14,Fantasía
447277,10749,Romance
438695,16,Animación
438695,10751,Familia
438695,10402,Música
438695,35,Comedia
629176,878,Ciencia ficción
629176,80,Crimen
629176,28,Acción
855,28,Acción
855,10752,Bélica
855,36,Historia
4032,35,Comedia
4032,18,Drama
926,35,Comedia
926,878,Ciencia ficción
926,12,Aventura
74,12,Aventura
74,53,Suspense
74,878,Ciencia ficción
782,53,Suspense
782,878,Ciencia ficción
782,9648,Misterio
782,10749,Romance
1139829,16,Animación
1139829,10751,Familia
1139829,35,Comedia
1139829,14,Fantasía
12502,18,Drama
12502,53,Suspense
1192209,16,Animación
1192209,10402,Música
1192209,35,Comedia
672,12,Aventura
672,14,Fantasía
9100,27,Terror
9100,18,Drama
9100,14,Fantasía
122917,28,Acción
122917,12,Aventura
122917,14,Fantasía
393519,18,Drama
393519,27,Terror
675353,28,Acción
675353,12,Aventura
675353,10751,Familia
675353,35,Comedia
429617,28,Acción
429617,12,Aventura
429617,878,Ciencia ficción
545609,28,Acción
545609,53,Suspense
1010600,27,Terror
1010600,53,Suspense
9603,35,Comedia
9603,10749,Romance
9603,18,Drama
453395,14,Fantasía
453395,28,Acción
453395,12,Aventura
537915,10749,Romance
537915,18,Drama
933131,878,Ciencia ficción
933131,28,Acción
381284,18,Drama
381284,36,Historia
1175156,35,Comedia
387426,12,Aventura
387426,18,Drama
387426,878,Ciencia ficción
984249,28,Acción
984249,53,Suspense
1008042,27,Terror
1008042,53,Suspense
8077,878,Ciencia ficción
8077,28,Acción
8077,27,Terror
785084,18,Drama
515195,35,Comedia
515195,14,Fantasía
515195,10402,Música
515195,10749,Romance
438148,16,Animación
438148,35,Comedia
438148,10751,Familia
438148,12,Aventura
438148,80,Crimen
438148,878,Ciencia ficción
452507,27,Terror
452507,80,Crimen
452507,18,Drama
39254,28,Acción
39254,878,Ciencia ficción
39254,18,Drama
863,16,Animación
863,35,Comedia
863,10751,Familia
425,16,Animación
425,35,Comedia
425,10751,Familia
425,12,Aventura
976893,18,Drama
246403,35,Comedia
246403,27,Terror
1075794,16,Animación
1075794,35,Comedia
1075794,10751,Familia
718444,28,Acción
718444,12,Aventura
1026436,35,Comedia
1026436,18,Drama
1026436,9648,Misterio
1026436,53,Suspense
646207,28,Acción
646207,53,Suspense
981,35,Comedia
981,10749,Romance
401371,878,Ciencia ficción
401371,9648,Misterio
401371,53,Suspense
974036,18,Drama
338766,37,Western
338766,80,Crimen
338766,18,Drama
296096,18,Drama
296096,10749,Romance
38757,16,Animación
38757,10751,Familia
713704,27,Terror
713704,53,Suspense
109445,16,Animación
109445,10751,Familia
109445,12,Aventura
109445,14,Fantasía
406761,53,Suspense
406761,878,Ciencia ficción
406761,28,Acción
122,12,Aventura
122,14,Fantasía
122,28,Acción
106646,80,Crimen
106646,18,Drama
106646,35,Comedia
3604,878,Ciencia ficción
3604,35,Comedia
3604,12,Aventura
3604,28,Acción
893334,12,Aventura
893334,28,Acción
674,12,Aventura
674,14,Fantasía
16869,18,Drama
16869,53,Suspense
16869,10752,Bélica
851644,10749,Romance
851644,18,Drama
138843,27,Terror
138843,53,Suspense
155,18,Drama
155,28,Acción
155,80,Crimen
155,53,Suspense
664341,53,Suspense
664341,18,Drama
664341,80,Crimen
20352,10751,Familia
20352,16,Animación
20352,35,Comedia
58,12,Aventura
58,14,Fantasía
58,28,Acción
4488,27,Terror
2246,53,Suspense
337167,18,Drama
337167,10749,Romance
49521,28,Acción
49521,12,Aventura
49521,878,Ciencia ficción
1015303,27,Terror
177572,12,Aventura
177572,10751,Familia
177572,16,Animación
177572,28,Acción
177572,35,Comedia
260514,10751,Familia
260514,16,Animación
260514,12,Aventura
260514,35,Comedia
8966,14,Fantasía
8966,18,Drama
8966,10749,Romance
210577,9648,Misterio
210577,53,Suspense
210577,18,Drama
150689,10749,Romance
150689,14,Fantasía
150689,10751,Familia
150689,18,Drama
93456,16,Animación
93456,35,Comedia
93456,10751,Familia
9100,27,Terror
9100,18,Drama
9100,14,Fantasía
646,12,Aventura
646,28,Acción
646,53,Suspense
387426,12,Aventura
387426,18,Drama
387426,878,Ciencia ficción
561,14,Fantasía
561,28,Acción
561,27,Terror
1139829,16,Animación
1139829,10751,Familia
1139829,35,Comedia
1139829,14,Fantasía
455207,35,Comedia
455207,10749,Romance
496450,16,Animación
496450,14,Fantasía
496450,28,Acción
496450,10749,Romance
496450,10751,Familia
673593,35,Comedia
954,12,Aventura
954,28,Acción
954,53,Suspense
446354,18,Drama
446354,36,Historia
756999,27,Terror
756999,53,Suspense
745,9648,Misterio
745,53,Suspense
745,18,Drama
802219,10402,Música
802219,36,Historia
802219,18,Drama
335977,12,Aventura
335977,28,Acción
873972,28,Acción
254320,35,Comedia
254320,18,Drama
254320,10749,Romance
1139566,10749,Romance
1139566,18,Drama
1139566,35,Comedia
280,28,Acción
280,53,Suspense
280,878,Ciencia ficción
560016,28,Acción
560016,53,Suspense
10674,16,Animación
10674,10751,Familia
10674,12,Aventura
954,12,Aventura
954,28,Acción
954,53,Suspense
581528,80,Crimen
581528,28,Acción
581528,53,Suspense
399566,28,Acción
399566,878,Ciencia ficción
399566,12,Aventura
9423,27,Terror
9423,28,Acción
9423,878,Ciencia ficción
13183,28,Acción
13183,9648,Misterio
13183,878,Ciencia ficción
376134,18,Drama
376134,10749,Romance
376134,878,Ciencia ficción
376134,53,Suspense
376134,9648,Misterio
81672,18,Drama
675,12,Aventura
675,14,Fantasía
767,12,Aventura
767,14,Fantasía
419479,35,Comedia
419479,27,Terror
359724,18,Drama
359724,28,Acción
359724,36,Historia
210479,18,Drama
210479,53,Suspense
8966,14,Fantasía
8966,18,Drama
8966,10749,Romance
651,35,Comedia
651,18,Drama
651,10752,Bélica
87818,35,Comedia
708,28,Acción
708,12,Aventura
708,53,Suspense
11635,35,Comedia
812,16,Animación
812,10751,Familia
812,12,Aventura
812,14,Fantasía
812,10749,Romance
1063879,27,Terror
838240,16,Animación
838240,18,Drama
838240,35,Comedia
838240,878,Ciencia ficción
13763,18,Drama
13763,10402,Música
13763,10749,Romance
592695,18,Drama
216015,18,Drama
216015,10749,Romance
216015,53,Suspense
848326,878,Ciencia ficción
848326,18,Drama
848326,28,Acción
8078,878,Ciencia ficción
8078,27,Terror
8078,28,Acción
334,18,Drama
501170,27,Terror
501170,53,Suspense
501170,14,Fantasía
968051,27,Terror
345938,18,Drama
345938,14,Fantasía
849509,28,Acción
849509,53,Suspense
399579,28,Acción
399579,878,Ciencia ficción
399579,12,Aventura
2062,16,Animación
2062,35,Comedia
2062,10751,Familia
2062,14,Fantasía
76338,28,Acción
76338,12,Aventura
76338,14,Fantasía
937746,12,Aventura
937746,18,Drama
646,12,Aventura
646,28,Acción
646,53,Suspense
1056380,27,Terror
1056380,53,Suspense
1056380,35,Comedia
1131751,10751,Familia
1131751,9648,Misterio
1131751,12,Aventura
1022690,35,Comedia
129,16,Animación
129,10751,Familia
129,14,Fantasía
381518,35,Comedia
333663,28,Acción
333663,35,Comedia
333663,9648,Misterio
945961,878,Ciencia ficción
945961,27,Terror
945961,53,Suspense
1368,28,Acción
1368,12,Aventura
1368,53,Suspense
1368,10752,Bélica
602,28,Acción
602,12,Aventura
602,878,Ciencia ficción
1014590,10749,Romance
1014590,35,Comedia
500664,28,Acción
500664,53,Suspense
500664,878,Ciencia ficción
1124127,28,Acción
1124127,53,Suspense
25199,35,Comedia
25199,14,Fantasía
25199,10402,Música
25199,10749,Romance
302946,80,Crimen
302946,53,Suspense
302946,18,Drama
985939,53,Suspense
799155,28,Acción
799155,878,Ciencia ficción
799155,53,Suspense
4935,14,Fantasía
4935,16,Animación
4935,12,Aventura
13850,10751,Familia
13850,16,Animación
40132,18,Drama
40132,27,Terror
40132,53,Suspense
8681,28,Acción
8681,53,Suspense
1209450,35,Comedia
1209450,28,Acción
678,80,Crimen
678,10749,Romance
678,53,Suspense
679,28,Acción
679,53,Suspense
679,878,Ciencia ficción
73835,35,Comedia
370464,80,Crimen
370464,28,Acción
1865,12,Aventura
1865,28,Acción
1865,14,Fantasía
496450,16,Animación
496450,14,Fantasía
496450,28,Acción
496450,10749,Romance
496450,10751,Familia
667,28,Acción
667,53,Suspense
667,12,Aventura
10195,12,Aventura
10195,14,Fantasía
10195,28,Acción
324857,16,Animación
324857,28,Acción
324857,12,Aventura
324857,878,Ciencia ficción
105,12,Aventura
105,35,Comedia
105,878,Ciencia ficción
11428,27,Terror
11428,14,Fantasía
11428,53,Suspense
285,12,Aventura
285,14,Fantasía
285,28,Acción
335988,28,Acción
335988,12,Aventura
335988,878,Ciencia ficción
91314,878,Ciencia ficción
91314,28,Acción
91314,12,Aventura
228150,10752,Bélica
228150,18,Drama
228150,28,Acción
121,12,Aventura
121,14,Fantasía
121,28,Acción
497,14,Fantasía
497,18,Drama
497,80,Crimen
124905,28,Acción
124905,18,Drama
124905,878,Ciencia ficción
762430,53,Suspense
1241982,16,Animación
1241982,12,Aventura
1241982,10751,Familia
1241982,35,Comedia
384018,28,Acción
384018,12,Aventura
384018,35,Comedia
1621,35,Comedia
214756,35,Comedia
214756,14,Fantasía
37135,10751,Familia
37135,12,Aventura
37135,16,Animación
37135,18,Drama
2019,28,Acción
2019,12,Aventura
2019,80,Crimen
2019,53,Suspense
390845,10749,Romance
390845,10749,Romance
585083,16,Animación
585083,35,Comedia
585083,10751,Familia
585083,12,Aventura
585083,14,Fantasía
1151534,53,Suspense
1151534,18,Drama
697843,28,Acción
697843,53,Suspense
156022,53,Suspense
156022,28,Acción
156022,80,Crimen
832262,9648,Misterio
832262,53,Suspense
885303,14,Fantasía
885303,12,Aventura
885303,10770,Película de TV
321697,18,Drama
321697,36,Historia
811,12,Aventura
811,878,Ciencia ficción
41446,27,Terror
41446,9648,Misterio
330457,10751,Familia
330457,16,Animación
330457,12,Aventura
330457,35,Comedia
330457,14,Fantasía
442249,27,Terror
442249,28,Acción
442249,53,Suspense
947,12,Aventura
947,36,Historia
947,10752,Bélica
10144,16,Animación
10144,10751,Familia
10144,14,Fantasía
7340,27,Terror
7340,53,Suspense
14001,27,Terror
438799,27,Terror
438799,10752,Bélica
438799,878,Ciencia ficción
10192,35,Comedia
10192,12,Aventura
10192,14,Fantasía
10192,16,Animación
10192,10751,Familia
8078,878,Ciencia ficción
8078,27,Terror
8078,28,Acción
10193,16,Animación
10193,10751,Familia
10193,35,Comedia
782,53,Suspense
782,878,Ciencia ficción
782,9648,Misterio
782,10749,Romance
140607,12,Aventura
140607,28,Acción
140607,878,Ciencia ficción
429,37,Western
646207,28,Acción
646207,53,Suspense
641934,18,Drama
641934,35,Comedia
641934,10749,Romance
73723,16,Animación
73723,10751,Familia
709,12,Aventura
709,28,Acción
709,53,Suspense
10882,14,Fantasía
10882,16,Animación
10882,10749,Romance
10882,10751,Familia
338766,37,Western
338766,80,Crimen
338766,18,Drama
13850,10751,Familia
13850,16,Animación
515195,35,Comedia
515195,14,Fantasía
515195,10402,Música
515195,10749,Romance
253935,18,Drama
253935,878,Ciencia ficción
1273196,99,Documental
177677,28,Acción
177677,12,Aventura
652,12,Aventura
652,36,Historia
652,10752,Bélica
652,28,Acción
533642,27,Terror
533642,53,Suspense
97,878,Ciencia ficción
97,28,Acción
97,12,Aventura
131631,878,Ciencia ficción
131631,12,Aventura
131631,53,Suspense
290250,35,Comedia
290250,80,Crimen
290250,28,Acción
9739,80,Crimen
9739,28,Acción
9739,878,Ciencia ficción
253935,18,Drama
253935,878,Ciencia ficción
508,35,Comedia
508,10749,Romance
508,18,Drama
445651,28,Acción
445651,12,Aventura
445651,18,Drama
38365,35,Comedia
931642,28,Acción
931642,53,Suspense
820525,10749,Romance
820525,18,Drama
483685,27,Terror
483685,28,Acción
483685,16,Animación
483685,18,Drama
260514,10751,Familia
260514,16,Animación
260514,12,Aventura
260514,35,Comedia
68726,28,Acción
68726,878,Ciencia ficción
68726,12,Aventura
1032372,53,Suspense
1032372,27,Terror
882569,10752,Bélica
882569,28,Acción
882569,53,Suspense
463053,35,Comedia
463053,10749,Romance
937278,35,Comedia
937278,18,Drama
1046090,28,Acción
1046090,80,Crimen
50619,12,Aventura
50619,14,Fantasía
50619,10749,Romance
820232,28,Acción
820232,16,Animación
820232,14,Fantasía
59053,18,Drama
551115,28,Acción
551115,80,Crimen
551115,53,Suspense
551115,18,Drama
13703,18,Drama
13703,80,Crimen
13703,10749,Romance
718930,28,Acción
718930,35,Comedia
718930,53,Suspense
635302,28,Acción
635302,16,Animación
635302,12,Aventura
635302,14,Fantasía
635302,53,Suspense
520763,878,Ciencia ficción
520763,53,Suspense
520763,27,Terror
646385,27,Terror
646385,9648,Misterio
646385,53,Suspense
28178,18,Drama
28178,10751,Familia
150689,10749,Romance
150689,14,Fantasía
150689,10751,Familia
150689,18,Drama
594767,35,Comedia
594767,28,Acción
594767,14,Fantasía
245891,28,Acción
245891,53,Suspense
655,18,Drama
927107,28,Acción
927107,53,Suspense
1006540,28,Acción
593643,35,Comedia
593643,53,Suspense
593643,27,Terror
370663,18,Drama
370663,10749,Romance
21309,53,Suspense
21309,18,Drama
21309,80,Crimen
1015303,27,Terror
1094556,10751,Familia
1094556,878,Ciencia ficción
1094556,28,Acción
1094556,35,Comedia
18785,35,Comedia
31507,18,Drama
31507,10749,Romance
1143319,35,Comedia
1143319,10749,Romance
438493,99,Documental
438493,35,Comedia
663712,27,Terror
663712,53,Suspense
127585,28,Acción
127585,12,Aventura
127585,878,Ciencia ficción
12155,10751,Familia
12155,14,Fantasía
12155,12,Aventura
32629,27,Terror
32629,35,Comedia
32629,18,Drama
379149,28,Acción
379149,53,Suspense
333371,53,Suspense
333371,878,Ciencia ficción
333371,18,Drama
333371,27,Terror
546554,35,Comedia
546554,80,Crimen
546554,9648,Misterio
587807,35,Comedia
587807,10751,Familia
587807,16,Animación
315837,878,Ciencia ficción
315837,18,Drama
315837,28,Acción
9659,12,Aventura
9659,28,Acción
9659,53,Suspense
9659,878,Ciencia ficción
118,12,Aventura
118,35,Comedia
118,10751,Familia
118,14,Fantasía
72190,28,Acción
72190,18,Drama
72190,27,Terror
72190,878,Ciencia ficción
72190,53,Suspense
62177,16,Animación
62177,12,Aventura
62177,35,Comedia
62177,10751,Familia
62177,28,Acción
62177,14,Fantasía
453,18,Drama
453,10749,Romance
6844,18,Drama
6844,36,Historia
10589,28,Acción
10589,35,Comedia
10589,80,Crimen
10589,18,Drama
818647,10749,Romance
818647,18,Drama
818647,35,Comedia
395992,27,Terror
395992,878,Ciencia ficción
395992,9648,Misterio
395992,53,Suspense
49026,28,Acción
49026,80,Crimen
49026,18,Drama
49026,53,Suspense
1079485,27,Terror
1079485,53,Suspense
1079485,9648,Misterio
1079485,35,Comedia
37233,18,Drama
37233,9648,Misterio
37233,53,Suspense
277216,18,Drama
277216,10402,Música
277216,36,Historia
11298,27,Terror
10191,14,Fantasía
10191,12,Aventura
10191,16,Animación
10191,10751,Familia
10625,18,Drama
10625,35,Comedia
205587,18,Drama
1091,27,Terror
1091,9648,Misterio
1091,878,Ciencia ficción
455980,35,Comedia
455980,28,Acción
321612,10751,Familia
321612,14,Fantasía
321612,10749,Romance
427641,28,Acción
427641,12,Aventura
427641,878,Ciencia ficción
11324,18,Drama
11324,53,Suspense
11324,9648,Misterio
24021,12,Aventura
24021,14,Fantasía
24021,18,Drama
24021,10749,Romance
508442,16,Animación
508442,10751,Familia
508442,35,Comedia
508442,14,Fantasía
566525,28,Acción
566525,12,Aventura
566525,14,Fantasía
107,80,Crimen
107,35,Comedia
298382,18,Drama
298382,35,Comedia
298382,37,Western
900667,16,Animación
900667,12,Aventura
900667,28,Acción
900667,14,Fantasía
900667,10402,Música
11527,12,Aventura
11527,14,Fantasía
268,14,Fantasía
268,28,Acción
268,80,Crimen
374720,10752,Bélica
374720,28,Acción
374720,18,Drama
14161,28,Acción
14161,12,Aventura
14161,878,Ciencia ficción
459003,16,Animación
459003,12,Aventura
459003,10751,Familia
459003,14,Fantasía
207703,80,Crimen
207703,35,Comedia
207703,28,Acción
207703,12,Aventura
483686,18,Drama
483686,28,Acción
483686,16,Animación
483686,27,Terror
37165,35,Comedia
37165,18,Drama
9289,10752,Bélica
9289,28,Acción
9289,18,Drama
7299,28,Acción
7299,878,Ciencia ficción
7299,53,Suspense
65,18,Drama
65,10402,Música
396422,27,Terror
561,14,Fantasía
561,28,Acción
561,27,Terror
561,14,Fantasía
561,28,Acción
561,27,Terror
49013,16,Animación
49013,10751,Familia
49013,12,Aventura
49013,35,Comedia
98566,878,Ciencia ficción
98566,28,Acción
98566,12,Aventura
98566,35,Comedia
888768,35,Comedia
888768,18,Drama
694,27,Terror
694,53,Suspense
11072,37,Western
11072,35,Comedia
1022128,27,Terror
865,28,Acción
865,878,Ciencia ficción
865,53,Suspense
865,80,Crimen
988078,10749,Romance
988078,18,Drama
988078,35,Comedia
953,10751,Familia
953,16,Animación
953,12,Aventura
953,35,Comedia
227306,18,Drama
227306,10752,Bélica
339405,18,Drama
982940,28,Acción
982940,53,Suspense
982940,80,Crimen
82702,14,Fantasía
82702,28,Acción
82702,12,Aventura
82702,16,Animación
82702,35,Comedia
82702,10751,Familia
1081620,28,Acción
9741,53,Suspense
9741,18,Drama
9741,9648,Misterio
934433,27,Terror
934433,80,Crimen
934433,53,Suspense
102899,878,Ciencia ficción
102899,28,Acción
102899,12,Aventura
355338,16,Animación
355338,10751,Familia
11976,12,Aventura
11976,14,Fantasía
1291143,99,Documental
1291143,80,Crimen
13633,80,Crimen
13633,18,Drama
13633,53,Suspense
51971,18,Drama
135397,28,Acción
135397,12,Aventura
135397,878,Ciencia ficción
135397,53,Suspense
652,12,Aventura
652,36,Historia
652,10752,Bélica
652,28,Acción
1076364,16,Animación
1076364,12,Aventura
1076364,10751,Familia
840326,28,Acción
840326,10752,Bélica
840326,12,Aventura
810693,16,Animación
810693,28,Acción
810693,14,Fantasía
493922,27,Terror
493922,9648,Misterio
493922,53,Suspense
539972,28,Acción
539972,12,Aventura
539972,878,Ciencia ficción
340275,18,Drama
340275,80,Crimen
340275,35,Comedia
292011,18,Drama
587792,35,Comedia
587792,10749,Romance
587792,878,Ciencia ficción
433808,27,Terror
433808,53,Suspense
433808,9648,Misterio
101299,12,Aventura
101299,28,Acción
101299,878,Ciencia ficción
433808,27,Terror
433808,53,Suspense
433808,9648,Misterio
247,80,Crimen
247,53,Suspense
283995,878,Ciencia ficción
283995,12,Aventura
283995,28,Acción
791373,28,Acción
791373,12,Aventura
791373,14,Fantasía
899445,27,Terror
899445,53,Suspense
899445,28,Acción
899445,9648,Misterio
93456,16,Animación
93456,35,Comedia
93456,10751,Familia
506574,10751,Familia
506574,10770,Película de TV
506574,12,Aventura
506574,14,Fantasía
399055,18,Drama
399055,14,Fantasía
399055,10749,Romance
168259,28,Acción
168259,53,Suspense
168259,80,Crimen
420634,27,Terror
420634,53,Suspense
36557,12,Aventura
36557,28,Acción
36557,53,Suspense
1071215,27,Terror
1071215,9648,Misterio
1071215,53,Suspense
334521,28,Acción
334521,80,Crimen
334521,9648,Misterio
3933,10749,Romance
3933,14,Fantasía
3933,16,Animación
339419,18,Drama
339419,10749,Romance
88,18,Drama
88,10402,Música
88,10749,Romance
810,14,Fantasía
810,12,Aventura
810,16,Animación
810,35,Comedia
810,10751,Familia
24584,18,Drama
24584,10749,Romance
678,80,Crimen
678,10749,Romance
678,53,Suspense
1927,878,Ciencia ficción
1927,12,Aventura
1927,28,Acción
7512,35,Comedia
7512,878,Ciencia ficción
7512,12,Aventura
961323,12,Aventura
961323,16,Animación
961323,14,Fantasía
961323,10751,Familia
483685,27,Terror
483685,28,Acción
483685,16,Animación
483685,18,Drama
10625,18,Drama
10625,35,Comedia
1495,18,Drama
1495,28,Acción
1495,12,Aventura
1495,36,Historia
1495,10752,Bélica
262500,28,Acción
262500,12,Aventura
262500,878,Ciencia ficción
262500,53,Suspense
823482,35,Comedia
823482,14,Fantasía
1291143,99,Documental
1291143,80,Crimen
2105,35,Comedia
2105,10749,Romance
807172,27,Terror
10589,28,Acción
10589,35,Comedia
10589,80,Crimen
10589,18,Drama
6950,28,Acción
6950,18,Drama
6950,878,Ciencia ficción
6950,53,Suspense
10895,16,Animación
10895,10751,Familia
10895,14,Fantasía
13475,878,Ciencia ficción
13475,28,Acción
13475,12,Aventura
496243,35,Comedia
496243,53,Suspense
496243,18,Drama
7555,28,Acción
7555,53,Suspense
7555,10752,Bélica
522162,28,Acción
522162,18,Drama
522162,10752,Bélica
522162,36,Historia
9513,16,Animación
9513,35,Comedia
9513,10751,Familia
9513,12,Aventura
9513,18,Drama
9513,14,Fantasía
850165,18,Drama
850165,36,Historia
10020,10749,Romance
10020,10751,Familia
10020,16,Animación
10020,14,Fantasía
259693,27,Terror
640146,28,Acción
640146,12,Aventura
640146,878,Ciencia ficción
429,37,Western
520758,10751,Familia
520758,16,Animación
520758,12,Aventura
520758,35,Comedia
72105,35,Comedia
72105,14,Fantasía
370172,28,Acción
370172,12,Aventura
370172,53,Suspense
944401,28,Acción
944401,18,Drama
944401,80,Crimen
251,14,Fantasía
251,18,Drama
251,53,Suspense
251,9648,Misterio
251,10749,Romance
8741,18,Drama
8741,36,Historia
8741,10752,Bélica
545611,28,Acción
545611,12,Aventura
545611,878,Ciencia ficción
961323,12,Aventura
961323,16,Animación
961323,14,Fantasía
961323,10751,Familia
101,80,Crimen
101,18,Drama
101,28,Acción
628,27,Terror
628,18,Drama
628,14,Fantasía
243688,27,Terror
389,18,Drama
758323,27,Terror
758323,53,Suspense
316029,18,Drama
522938,28,Acción
522938,53,Suspense
522938,18,Drama
581726,878,Ciencia ficción
581726,28,Acción
581726,53,Suspense
630586,27,Terror
630586,53,Suspense
49051,12,Aventura
49051,14,Fantasía
49051,28,Acción
334541,18,Drama
372058,16,Animación
372058,10749,Romance
372058,18,Drama
260513,28,Acción
260513,12,Aventura
260513,16,Animación
260513,10751,Familia
10198,16,Animación
10198,10749,Romance
10198,14,Fantasía
10198,10751,Familia
8536,878,Ciencia ficción
8536,28,Acción
8536,12,Aventura
956,12,Aventura
956,28,Acción
956,53,Suspense
683361,10751,Familia
683361,12,Aventura
906126,18,Drama
906126,36,Historia
1273196,99,Documental
11036,10749,Romance
11036,18,Drama
328425,53,Suspense
328425,9648,Misterio
328425,18,Drama
30197,35,Comedia
324552,28,Acción
324552,53,Suspense
324552,80,Crimen
140607,12,Aventura
140607,28,Acción
140607,878,Ciencia ficción
38,878,Ciencia ficción
38,18,Drama
38,10749,Romance
760774,36,Historia
760774,18,Drama
760774,10752,Bélica
1103,878,Ciencia ficción
1103,28,Acción
50124,35,Comedia
50124,10749,Romance
9806,28,Acción
9806,12,Aventura
9806,16,Animación
9806,10751,Familia
324852,28,Acción
324852,16,Animación
324852,35,Comedia
324852,10751,Familia
324852,12,Aventura
49444,16,Animación
49444,10751,Familia
49444,35,Comedia
9426,27,Terror
9426,878,Ciencia ficción
8355,16,Animación
8355,35,Comedia
8355,10751,Familia
8355,12,Aventura
78,878,Ciencia ficción
78,18,Drama
78,53,Suspense
384527,18,Drama
78,878,Ciencia ficción
78,18,Drama
78,53,Suspense
384527,18,Drama
500,80,Crimen
500,53,Suspense
158852,12,Aventura
158852,10751,Familia
158852,9648,Misterio
158852,878,Ciencia ficción
1040148,16,Animación
1040148,10751,Familia
1040148,14,Fantasía
1040148,35,Comedia
40978,18,Drama
40978,10749,Romance
957304,35,Comedia
957304,80,Crimen
640,18,Drama
640,80,Crimen
212778,35,Comedia
56386,27,Terror
56386,10752,Bélica
994,18,Drama
994,53,Suspense
76492,16,Animación
76492,35,Comedia
76492,10751,Familia
76492,14,Fantasía
843380,37,Western
843380,53,Suspense
843380,28,Acción
240832,28,Acción
240832,878,Ciencia ficción
744275,10749,Romance
744275,18,Drama
493529,12,Aventura
493529,14,Fantasía
493529,35,Comedia
390043,28,Acción
390043,35,Comedia
